hostname,ip
What County,152.44.225.226
What County,152.44.225.234
Mohaveaz,207.192.255.214
Dale County,139.177.34.46
Ks Centraloffice,174.71.146.162
Ks Eldorado,65.156.231.254
Ks Eldoradose Minimum,65.127.234.50
Ks Eldoradose Minimum,67.131.164.129
Ks Eldoradose Medium,65.123.132.114
Ks Eldoradose Medium,65.123.121.204
Ks Ellsworth,12.151.164.186
Ks Hutchinson,12.151.166.37
Ks Hutchinsoneast,12.151.166.34
Ks Lansing,12.151.164.170
Ks Norton,12.245.112.118
Ks Norton,12.208.125.2
Ks Topeka,12.151.165.50
Ks Winfield,12.151.164.154
Marionmo,97.87.205.66
ClaytonCo County,12.76.208.214
Iowadoc,65.117.178.242
Jeffersonga,32.143.110.198
Hampden County,65.126.252.170
Morgan County,100.91.3.193
Morgan County,96.37.142.122
Hunttx,12.88.14.58
Mcduffiega,12.144.119.114
Butte County,96.71.227.1
Corecivicctl Detcenteraz,65.154.215.254
Corecivicctl Saguaroaz,63.157.235.7
Corecivicctl Saguaroaz,65.116.182.226
Corecivicctl Casagrandenv,63.147.31.130
Corecivicctl Crossroadsmt,67.128.238.52
Corecivicctl Crossroadsmt,4.39.231.234
Hall County,12.94.19.122
Ctlatl Fwl 01 Wan,63.128.88.15
Corvus,10.250.160.11
Hooveral Cityjail,24.197.52.122
Lorain County,76.190.97.98
Tehama County,24.176.227.98
Lancaster County,24.106.13.114
Lancaster County,40.134.8.198
Kalkaska County,96.42.128.58
Easternbandcherokeenc,204.209.71.165
Delawareoh,76.190.49.10
LaPlata County,47.47.173.98
Dubuqueia,207.250.53.210
Llano County,172.108.140.2
Clarendon County,165.166.112.114
Santacruzca Main,96.78.168.33
Santacruzca Roundtree,12.125.140.190
Erieny Echc,65.115.16.37
Erieny Eccf,162.254.219.180
Fairfieldoh,12.90.187.218
Bxrtx,74.202.74.130
Bxrtx,4.28.169.222
Bxrtx,208.83.176.17
Geochester,71.27.22.73
Lorain Medinaoh,147.0.176.202
Nuecestx Main,12.247.215.206
Nuecestx Annex,12.247.215.202
Montcalm County,69.36.51.241
Millermo,38.131.221.38
Millermo,10.253.59.2
Geo Caspercowy,4.42.46.102
Fultonga,12.0.34.82
Fultongamarietta,96.83.19.217
Fultongaalpharetta,96.87.247.161
Fultongaunioncity,71.25.186.49
Screvenga,162.247.80.226
Treasure County,66.203.140.18
Comal County,32.140.136.78
Coshocton County,76.190.120.10
Coshocton County,12.177.214.234
Tulare County,32.132.121.166
Tulare County,32.132.238.146
Tulare County,32.140.161.38
Tulare County,100.91.7.5
Tulare County,100.91.7.6
Tulare County,100.91.7.7
Scioto County,50.54.29.182
McLean County,50.244.1.81
McLean County,107.152.2.155
Greenemo,64.22.230.234
Greenemo,10.253.171.1
Baldwinal,12.198.142.138
Clay County,32.132.160.26
Rockwi,12.89.17.242
Lucas County,199.191.112.54
Anokamn,63.142.188.138
Osceolami,12.94.57.238
Osceolami,24.236.250.154
Osceolami,12.221.132.250
Geocentralvalleyca,97.78.228.134
Santafenm,65.59.5.10
Palopintotx,216.207.132.106
Paulding County,74.87.248.82
Coweta County,12.248.171.222
Sunflowerms,173.219.45.71
Kewauneewi,68.117.28.186
Shasta County,12.87.66.22
Ozaukee County,67.53.239.162
Ozaukee County,98.100.181.42
NorthwestComm County,50.126.242.78
Carroll County,12.133.194.242
Eastbatonrougela,12.90.155.2
SanMateo County,96.76.196.49
SanMateo County,96.74.127.129
PuebloCo County,208.123.136.162
Clarkoh,70.132.217.73
Lafourcheparishla Gallianosubstation,185.208.0.114
Lafourcheparishla Transitionalworkprogram,12.21.49.98
Jefferson County,74.81.104.70
WIDOC Blackriverfalls,65.56.59.210
WIDOC Chippewavalley,12.249.171.154
WIDOC Columbia,50.50.9.134
WIDOC Dodge,12.179.210.138
WIDOC Felmersochaney,12.89.95.126
WIDOC Flambeau,4.79.163.170
WIDOC Foxlake,65.56.63.130
WIDOC Gordon,4.4.181.30
WIDOC Greenbay,12.163.221.50
WIDOC Growacademy,50.50.9.114
WIDOC Jackson,64.159.203.146
WIDOC Johncburke,12.89.95.134
WIDOC Kenosha,12.89.95.122
WIDOC Kettlemoraine,50.50.9.126
WIDOC Lincolnhills Copperlake,4.4.159.178
WIDOC Marshallsherrercorr,12.89.89.66
WIDOC Mcnaughtoncorr,50.50.135.162
WIDOC Milwaukeewomenscorr,32.142.22.246
WIDOC Newlisboncorr,45.45.221.42
WIDOC Oakhillcorr,50.50.1.74
WIDOC Oregoncorr,50.55.1.26
WIDOC Oshkoshcorr,32.142.44.130
WIDOC Prairieducheincorr,4.4.254.54
WIDOC Racinecorr,12.89.89.70
WIDOC Racineyouthful,32.142.22.254
WIDOC Redgranitecorr,4.28.194.178
WIDOC Robert E Ellsworthcorr,32.142.22.250
WIDOC Saintcroixcorr,4.30.251.126
WIDOC Sangerbpowerscorr,206.40.101.106
WIDOC Stanleycorr,4.28.79.98
WIDOC Sturtevanttransfac,10.153.64.1
WIDOC Taycheedacorr,4.28.68.38
WIDOC Thompsoncorr,47.225.225.246
WIDOC Waupuncorr,12.89.93.102
WIDOC Winnebagocorr,12.249.171.146
WIDOC Wisconsinsecureprogramfac,65.56.58.10
Douglasks,12.94.229.62
Lin County,104.171.208.104
Danvilleva Cityjail,96.84.230.237
Quinaultwa,172.86.234.2
Knox County,50.210.22.217
Knox County,50.193.189.89
Knox County,96.74.57.1
Hampshirema,63.65.164.50
Dunn County,137.26.247.114
Benton County,50.209.49.209
Starkregionaloh,98.123.224.42
Polk County,209.234.73.110
Polk County,216.51.206.218
Camdenmo,32.142.14.154
Camdenmo,96.36.180.106
Choctawms,66.175.151.250
Wy Rawlins,35.131.38.242
Wy Lusk,69.71.184.170
Wy Riverton,35.131.48.50
Wy Newcastle,72.36.51.18
Wy Torrington,166.90.154.174
Warrennc,24.172.42.186
Mitchell County,12.126.125.86
Yolo County,12.125.249.218
Geo Newmexico,71.25.80.129
Geo Newmexico,166.145.50.37
Eldoraia,74.123.141.33
Gastonnc,12.94.82.174
Jacksontx,12.146.144.66
Sanjuanut,192.150.142.40
Currynm,66.76.138.70
Ordoc Coffeecreek,207.173.26.52
Ordoc Columbiariver,208.184.30.82
Ordoc Deerridge,67.59.69.194
Ordoc Dome,50.190.34.137
Ordoc Eastenoregon,208.65.218.2
Ordoc Oregonstatecorr,65.155.26.70
Ordoc Oregonstatepen,216.111.122.50
Ordoc Powderriver,208.65.218.74
Ordoc Santiam,70.102.75.148
Ordoc Shuttercreek,199.91.226.50
Ordoc Snakeriver,65.140.113.2
Ordoc Southfork,67.148.255.242
Ordoc Tworivers,208.65.218.18
Ordoc Warnercreek,4.2.37.234
Oktibbehams,45.18.193.169
Summitoh,32.141.1.28
Summitoh,12.219.180.241
Summitoh,66.104.113.53
Wayneoh,4.28.119.74
Riversideva,63.70.1.178
Beaver County,72.12.242.188
Geo Chesterpa,71.27.22.73
Montgomery County,24.197.9.146
Montgomery County,142.190.64.82
Ottowadetcentr,70.62.9.210
Ottowaminsec,96.11.123.90
Belmont County,75.151.253.121
Mason County,192.183.20.194
Kaneil,32.140.192.94
Mtc Oteronm,12.91.22.86
Huronoh,70.63.13.50
Osceolafl,12.234.253.185
Spalding County,12.247.181.214
Wallertx,209.215.189.34
Floydga Countyjail,96.71.65.165
Floydga Countyprison,50.246.0.1
Indiana County,216.221.9.154
Ma County,12.116.188.82
Mtdoc Msp,65.121.125.165
Mtdoc Mwp,4.38.83.22
Mtdoc Mwp,4.38.83.34
Mtdoc Phycf,4.38.83.18
Mtdoc Rycf,4.39.46.226
Nacogdoches County,12.47.5.34
Yakimacitywa,66.189.182.145
Carroll County,71.67.21.50
Iowadepthumanservices,97.64.129.170
Lickingoh,69.135.59.250
Volusia County,12.90.16.158
Volusia County,12.52.70.162
Monroemi Adult,12.76.91.102
Monroemi Dorm,12.76.91.90
Pickaway County,98.100.29.242
Carsoncitynv,65.120.180.98
Lake County,12.207.196.227
Tuscarawasoh,24.123.251.82
Tuscarawasoh,162.155.221.122
Crittendenky,12.189.234.58
Richmondga,50.244.91.185
Madison County,12.116.3.254
Tuscaloosaal,12.107.108.10
Tuscaloosaal,74.92.253.81
S County,71.8.205.74
Calhounmi,12.89.252.202
Ross County,206.82.177.130
Wake County,12.226.12.26
Wake County,12.86.208.170
Wake County,12.179.196.210
Dekalb County,208.80.26.186
Dekalb County,100.91.0.186
Ionia County,12.20.72.210
Annearundlemd Annapolismd,96.70.132.201
Annearundlemd Annapolis,192.76.2.58
Annearundlemd Glenburnieburniemd,208.46.113.18
Annearundlemd Glenburnie,63.106.7.194
Kent County,12.43.2.147
Sevierut,205.197.221.220
Marshall County,136.239.3.126
Jefferson County,32.141.33.30
Marion County,12.118.192.26
Marion County,10.253.16.250
Monroefl Keywest,75.144.208.145
Monroefl Keywest,12.108.232.34
Monroefl Plantationkey,32.132.97.250
Humphreysms,75.65.1.121
Elko County,50.124.92.126
Starkoh,12.173.153.146
Cec Kinneytx Dc,12.88.175.154
Cec Kinneytx Dc,12.205.29.179
Caldwell County,12.207.175.36
Stclairil,12.55.217.78
Northumberland County,204.186.100.186
Cassnd,64.61.219.90
Jefferson County,12.6.122.18
Jackson County,98.123.21.170
Livingstonmi,12.228.233.98
Livingstonmi,70.91.229.249
Lexingtonsc,206.74.184.194
Iron County,208.93.177.79
Kaneut,216.241.202.142
Decatur County,12.21.76.188
Langladewi,50.50.135.158
Cassmi,207.75.113.165
Washington County,96.66.164.34
Washington County,65.207.92.14
Cityofatlantaga,50.251.174.193
Richlandoh,204.156.199.242
Galliaoh Jail,12.91.18.58
Galliaoh Jail Galliapolis,12.86.10.126
Washingtonoh,173.219.95.240
Geosouthbayfl,12.244.224.94
Mchenryil,32.142.102.246
Butlermo,192.24.69.35
Rutherford County,75.146.83.105
Onondaga County,199.16.126.122
Geosandiegoca,32.132.122.206
Huronmi,96.66.56.57
Elk County,71.27.65.81
Sattxfw 01,172.31.0.253
Rice County,24.213.23.58
Rice County,24.158.6.138
Franklinoh,12.20.80.98
Kent County,12.248.56.154
Fonddulacwi,12.30.238.186
Union County,40.131.108.222
Rutherford County,96.69.100.61
Warrenoh,8.25.68.223
Icsatlfw 01,63.128.100.4
Geccafw 01 Wan1,209.215.113.74
Beaufortsc,65.141.4.34
Warren County,146.168.216.58
Door County,47.49.54.130
ILDOC Bigmuddyrivercc,74.37.251.34
ILDOC Bigmuddyrivercc,192.183.117.202
ILDOC Centraliacc,12.77.55.114
ILDOC Centraliacc,12.170.139.242
ILDOC Claytonwc,66.226.120.90
ILDOC Decaturcc,12.170.139.98
ILDOC Dixoncc,50.171.108.110
ILDOC Dixoncc,50.171.108.114
ILDOC Eastmolinecc,12.55.64.190
ILDOC Eastmolinecc,12.177.12.186
ILDOC Grahamcc,208.124.116.206
ILDOC Jacksonvillecc,50.40.74.114
ILDOC Illinoisrivercc,32.140.98.14
ILDOC Illinoisrivercc,12.179.55.66
ILDOC Kewaneelsrc,192.183.119.126
ILDOC Kewaneelsrc,50.122.23.162
ILDOC Jolietitc Jtc,12.77.53.174
ILDOC Jolietitc Jtc,12.189.76.130
ILDOC Lawrencecc,74.37.251.214
ILDOC Lincolncc,50.122.23.178
ILDOC Logancc,50.122.23.170
ILDOC Menardcc,23.91.221.178
ILDOC Menardmsu,23.91.221.170
ILDOC Murphysborolsrc,157.185.75.82
ILDOC Northernrcc,12.76.119.174
ILDOC Northernrcc,12.203.73.50
ILDOC Pinckneyvillecc,50.40.128.98
ILDOC Pittsfieldwc,24.52.151.82
ILDOC Pontiaccc,192.183.108.98
ILDOC Pontiaccc,50.122.23.130
ILDOC Robinsoncc,66.99.128.194
ILDOC Shawneecc,50.122.23.154
ILDOC Sheridancc,192.183.119.6
ILDOC Sheridancc,50.122.23.202
ILDOC Statesville,32.142.102.162
ILDOC Taylorvillecc,208.124.116.202
ILDOC Vandaliacc,12.77.162.138
ILDOC Viennacc,74.37.251.218
ILDOC Viennacc,50.122.23.186
ILDOC Westernillinoiscc,24.52.160.2
Phillips County,12.191.116.106
Armstrong County,23.25.86.1
Boonein,199.66.64.226
Cecil County,50.211.191.49
Harfordmd,208.211.42.74
McKean County,74.94.196.145
Sattxfw 01,172.31.0.253
Pas County,65.156.8.30
Kansasjuvi Topeka,65.123.132.54
Houston County,4.35.193.58
Houston County,96.79.217.9
Columbia County,24.55.138.55
Columbia County,10.253.47.2
Preble County,71.67.74.226
Gwinnettga,96.38.237.18
Geo Karnescotx,12.127.210.154
Mtc Texascivilcommcenter,205.209.255.11
Highlandoh,32.143.73.210
Union County,24.142.226.242
Lucas County,199.191.114.94
Crawfordpa,72.23.122.26
Greeneoh Adc,32.141.165.114
Greeneoh Adc,209.215.181.10
Greeneoh Cojail,12.87.0.210
Onondagany,65.126.143.245
Me County,12.244.42.254
Westcentralccf Oh,147.0.54.26
Baltimore County,65.246.17.82
Baltimoremd,72.85.66.210
Bartowga,12.119.14.66
Conversewy,208.114.71.232
Ctl Frt,74.11.232.34
Jasperia,167.142.52.162
Morrow County,147.0.156.34
Trinity County,140.82.232.70
Mtcwillacyregtx,216.183.51.206
Kings County,12.124.1.238
Humboldt County,12.249.58.34
Humboldt County,24.121.223.244
Muskingum County,12.1.81.154
Inyo County,70.98.52.118
Ulster County,24.103.83.217
Ulster County,24.103.83.225
Ulster County,24.103.83.218
Ulster County,24.103.83.226
Ohiorivervalleyoh,192.182.251.50
Corecivicics Leavenworthks,100.64.0.65
Corecivicics Hardemantn,12.119.41.202
Corecivicics Tallahatchiems,12.250.143.138
Corecivicics Nvsouthern,142.214.252.42
Aurora County,12.88.91.178
Highlandmi,12.246.187.226
Montgomerymd Cf,65.220.48.27
Montgomerymd Detention,204.148.138.62
Geocare Montgomerytx,207.70.180.251
Portage County,12.54.46.56
Stanislausca Psb Exp,50.235.214.242
Stanislausca Mens,198.0.227.242
Stanislausca Juvihall,198.0.227.250
Jacksonga,67.131.95.50
Orleansny,208.125.104.234
Lubbocktx,64.130.65.20
Lubbocktx,12.252.49.198
Lubbocktx,12.252.49.198
Lubbocktx,207.141.173.153
Athens Clarkega Ci,24.178.115.250
Athens Clarkega Dc,24.178.112.202
Clayton County,50.184.54.57
Claytonga,12.76.104.110
Placerca North,12.126.199.102
Placerca South,12.252.61.182
Placerca South,10.253.38.2
Placerca South,10.253.38.3
Placerca South,10.253.38.4
Placerca South,10.253.38.5
Placerca South,10.253.38.6
Placerca South,10.253.38.110
Miamioh Countyjail,162.155.63.178
Miamioh Incarceration,216.82.34.210
Scott County,50.216.184.94
Charlesmd Main,50.195.86.89
Charlesmd Main,100.91.7.70
Charlesmd Annex,96.68.248.129
Idahodoc Nici,4.43.225.170
Idahodoc Imsi,63.158.253.66
Idahodoc Iscc,208.46.47.133
Washingtonga,12.20.44.20
Marion County,206.192.251.230
Hillsboroughnh,50.214.238.185
Hillsboroughnh,74.220.229.106
Mitchellga,12.245.230.26
Stmarysmd,12.97.58.133
Grantnm,192.119.46.209
Milwaukeewi Hoc,12.247.173.102
Milamtx,206.121.120.42
Tus County,24.231.207.2
Wis County,12.198.36.250
Garfield County,50.206.207.234
Polk County,64.33.157.254
Somersetmd,199.255.186.165
Valencianm,50.193.234.97
Olmstedmn,4.4.158.174
